{
  "actorSpecification": 1,
  "name": "mobile-de-scraper",
  "title": "Mobile.de Scraper",
  "description": "Extract vehicle listings from Mobile.de - Germany's largest car marketplace. Fast, reliable, and cost-effective scraping of cars, motorcycles, and commercial vehicles.",
  "version": "1.0.0",
  "meta": {
    "templateId": "node-crawlee-cheerio"
  },
  "input": "./INPUT_SCHEMA.json",
  "dockerfile": "./Dockerfile",
  "readme": "./README.md",
  "categories": ["ECOMMERCE"],
  "storages": {
    "dataset": {
      "actorSpecification": 1,
      "title": "Vehicle Listings",
      "description": "Dataset containing scraped vehicle listings from Mobile.de",
      "views": {
        "overview": {
          "title": "Overview",
          "transformation": {
            "fields": [
              "title",
              "brand",
              "model",
              "price",
              "attributes",
              "url"
            ]
          },
          "display": {
            "component": "table",
            "properties": {
              "title": {
                "label": "Title",
                "format": "text"
              },
              "brand": {
                "label": "Brand",
                "format": "text"
              },
              "model": {
                "label": "Model",
                "format": "text"
              },
              "price": {
                "label": "Price",
                "format": "object"
              },
              "url": {
                "label": "URL",
                "format": "link"
              }
            }
          }
        }
      }
    }
  }
}
