{
  "title": "Mobile.de Scraper Input",
  "type": "object",
  "schemaVersion": 1,
  "properties": {
    "startUrls": {
      "title": "🔎 Search/Details page URL(s)",
      "type": "array",
      "description": "Paste Mobile.de search result URLs or specific listing detail URLs here. You can add multiple URLs.",
      "editor": "requestListSources",
      "prefill": [
        {
          "url": "https://suchen.mobile.de/fahrzeuge/search.html?dam=false&isSearchRequest=true&s=Car&vc=Car"
        }
      ]
    },
    "maxItems": {
      "title": "🔢 Maximum number of results",
      "type": "integer",
      "description": "Limit the number of vehicle listings to scrape. Leave empty or set to 0 for unlimited (up to 2000 per search).",
      "default": 20,
      "minimum": 0
    },
    "searchCategory": {
      "title": "🚗 Vehicle Category",
      "type": "string",
      "description": "Type of vehicle to search for",
      "enum": ["Car", "Motorcycle", "Caravan", "Truck", "Trailer"],
      "enumTitles": ["Car", "Motorcycle", "Caravan/RV", "Truck", "Trailer"],
      "default": "Car"
    },
    "searchTerms": {
      "title": "🔍 Search Term(s)",
      "type": "array",
      "description": "Additional search keywords to filter results (optional)",
      "editor": "stringList",
      "default": []
    },
    "models": {
      "title": "🏭 Brand and Models",
      "type": "array",
      "description": "Filter by specific car models. Format: 'BRAND|MODEL' (e.g., 'BMW|320', 'Audi|A4')",
      "editor": "stringList",
      "default": []
    },
    "mileageKmMin": {
      "title": "📏 Minimum Mileage (km)",
      "type": "integer",
      "description": "Minimum mileage in kilometers",
      "minimum": 0
    },
    "mileageKmMax": {
      "title": "📏 Maximum Mileage (km)",
      "type": "integer",
      "description": "Maximum mileage in kilometers",
      "minimum": 0
    },
    "powerKwMin": {
      "title": "⚡ Minimum Power (kW)",
      "type": "integer",
      "description": "Minimum engine power in kilowatts",
      "minimum": 0
    },
    "powerKwMax": {
      "title": "⚡ Maximum Power (kW)",
      "type": "integer",
      "description": "Maximum engine power in kilowatts",
      "minimum": 0
    },
    "priceMin": {
      "title": "💰 Minimum Price (EUR)",
      "type": "integer",
      "description": "Minimum price in EUR",
      "minimum": 0
    },
    "priceMax": {
      "title": "💰 Maximum Price (EUR)",
      "type": "integer",
      "description": "Maximum price in EUR",
      "minimum": 0
    },
    "registrationDateYearMin": {
      "title": "📅 Minimum Registration Year",
      "type": "integer",
      "description": "Minimum first registration year",
      "minimum": 1900
    },
    "registrationDateYearMax": {
      "title": "📅 Maximum Registration Year",
      "type": "integer",
      "description": "Maximum first registration year",
      "minimum": 1900
    },
    "sort": {
      "title": "🔄 Sort Results By",
      "type": "string",
      "description": "How to sort the search results",
      "enum": [
        "relevance",
        "dateCreated_desc",
        "dateCreated_asc",
        "price_asc",
        "price_desc",
        "mileage_asc",
        "mileage_desc"
      ],
      "enumTitles": [
        "Relevance",
        "Posted date (newest first)",
        "Posted date (oldest first)",
        "Price (lowest first)",
        "Price (highest first)",
        "Mileage (lowest first)",
        "Mileage (highest first)"
      ],
      "default": "relevance"
    },
    "reviewLimit": {
      "title": "⭐ Maximum Dealer Reviews",
      "type": "integer",
      "description": "Maximum number of dealer reviews to scrape per listing (0 = no reviews)",
      "default": 5,
      "minimum": 0,
      "maximum": 50
    },
    "proxyConfiguration": {
      "title": "🌐 Proxy Configuration",
      "type": "object",
      "description": "Select proxies to use for requests. Recommended: Residential proxies.",
      "prefill": {
        "useApifyProxy": true,
        "apifyProxyGroups": ["RESIDENTIAL"]
      },
      "editor": "proxy"
    }
  },
  "required": []
}
